sequence,fitness,Classe
LWSDIKMKLKKT,49.37196,1
KMGKLIGIPVLK,47.83688,1
MKVAAAMAPKQV,38.66109,1
AKCKVQSANVCK,37.82153,1
KMWDWEQKKKWI,34.11149,1
WDWEQKKKWI--,31.26163,1
RLPKRVQGNVEK,30.61573,1
VTRMTIQVKGSK,30.16713,1
TSKSKKRMTAKK,29.83349,1
ICLKSQPICGID,29.49547,1
LELKLGKRPMGW,29.24477,1
ARNRKKIMMRWI,29.01464,1
PVNRLGKMSKNR,28.83256,1
IGVLRSVKQTVR,28.55074,1
NKQRRMLSRERS,28.52089,1
NVVVQRRNHHTS,28.05341,1
VGSVKSGNLRMR,26.22986,1
EPSNLPKGMNEK,24.69024,1
QCAGWVQKRQIQ,23.37685,1
KGKLDKDRNL--,23.28052,1
KYTKTRKQSSKA,22.48,1
RRRRRRRRRRRR,22,1
VCNRIEPLKPIL,21.82239,1
ERQEEKIKKW--,20.79427,1
CQLAWRPCAKAS,19.532,1
WFGLQRHLKKKD,19.0715,1
RTTTRTTTRTTT,18.9,1
RTRTRTRTRTRT,18.7,1
PVARKVVQICHP,18.63698,1
CCWHNPKWRRTR,18.46,1
PRSWEVKEKETM,18.27337,1
NFLRAQRQCQKQ,18.16368,1
RGRGRGRGRGRG,17.2,1
RGKMPLRWMTRK,17.14,1
HWSTCTRTRTLS,17.1,1
KSKSKSKSKSKS,17,1
SSDQDRDKWL--,16.82505,1
KPCKWAGRACAK,16.69529,1
RTTRTTRTTRTT,16.3,1
MWQMKWTRKTRE,16.24,1
KPWHGCASRTKR,16.19014,1
HIKWRLTKGTRT,16.08,1
VSLQCWELGPNK,15.70919,1
HGRKWKRTKFDD,15.49,1
KRIIEDDQLE--,15.19034,1
RRMVNRTITRMW,15.01,1
GNKKNWRWYKNR,14.71334,1
AQCCQHRKGYMN,14.69376,1
KWVVRPRIRRLL,14.62156,1
VSVVATGCVWET,14.33556,1
TKTKTKTKTKTK,14.1,1
NSSNHSNNMPCQ,14.06,1
IRRWNDRIRITS,13.90809,1
TTTKTTTKTTTK,13.8,1
TTTTTKTTTTTK,13.8,1
RKHHGWRWEQWK,13.59362,1
KVLWRMPAQIIQ,13.51793,1
WDRTSTRPSSVL,13.46,1
KEEVWLKWLI--,13.42497,1
MWVKGMKHKKMK,13.23495,1
KSSKSSKSSKSS,13.2,1
KSSSKSSSKSSS,13,1
IIRSPICCVSRV,12.89188,1
RSRSRSRSRSRS,12.8,1
GRKRGAIWKDTK,12.75,1
KHKHKHKHKHKH,12.7,1
LSQQPRKRATWR,12.60838,1
TTKTTKTTKTTK,12.6,1
DKVCKIQKRKWH,12.51172,1
KKKKKKKKKKKK,12.5,1
RLWNSGEGRGEN,12.26758,0
KGGGKGGGKGGG,12.1,0
QCRAGAMPAMYV,12.05809,0
KKRLHWIRWHCG,12.01536,0
KKRKKHKKGKKP,11.9,0
GQRWLYKMKDSM,11.86265,0
KGGKGGKGGKGG,11.8,0
LDHTWGKWGHQS,11.50256,0
KKGKKKGKKHKK,11.3,0
PGGVRSNDLLEV,11.18031,0
DKRKIKQKMWWG,10.86,0
KGKGKGKGKGKG,10.8,0
CHLKDLRKMGLR,10.1388,0
IKGMNIKMPTDQ,9.95,0
KKAKKKGKKHKK,9.9,0
RRCQAQEFWLGA,9.515134,0
KKGKKKGKKPKK,9.3,0
DSSSSSDSSSSS,9.1,0
KVIRYVVAPMKL,8.94,0
NAPWKHWRIINE,8.898582,0
GNCPMKVCSPMG,8.89,0
NDISMCNKNNNW,8.824446,0
KDRTSKPKRPWC,8.67,0
SDGSKIKDRD--,8.630329,0
KVRCLVEARPSW,8.194995,0
VINKVISCPCVN,8.109024,0
VINKVISNPCVN,8.107188,0
IRTYLRKRNSTQ,8.03,0
TVSEPVMMVSVS,7.771304,0
GIFKTTKCKHNS,7.61,0
QRHDSHRHGLWL,7.543669,0
HDDKNKESDD--,7.479407,0
DTTTTTDTTTTT,7.2,0
LSNRRGREQYAG,7.08,0
DSSSDSSSDSSS,7,0
MAMADAAAPMNA,6.965346,0
NQYSNWNKNYK-,6.94,0
EMRQWKWMWENA,6.580628,0
WWWKPKREDFMK,6.58,0
TTTTTTTTTTTT,6.5,0
RPPMLNVVRVVG,6.489129,0
GGRVWEWNVAA-,6.08351,0
SNHKMSECRGLR,5.98,0
ETTTTTETTTTT,5.9,0
GPMPMNAKMKLC,5.81,0
ETNVRVKVVSES,5.707696,0
RHRHRHRHRHRH,5.5,0
NNKCQVVAAFVM,5.401218,0
HLVVSPRVSWGC,5.30282,0
FNSNKITPTSNM,5.29,0
VPNIQVKGSK--,4.99326,0
VNLPMVMPNLRM,4.53,0
ETTETTETTETT,4.4,0
PVVYKTVIQCCD,4.333159,0
VAWVMKAHVCTM,4.201038,0
VNSDPSNGQMRD,4.15,0
DTTDTTDTTDTT,4,0
DTTTDTTTDTTT,4,0
ETTTETTTETTT,4,0
NRVTESVRNVKM,3.683273,0
QTATENSQMNSG,3.64,0
GLGNQHVVVLGV,3.528919,0
NWRDCLSLIVPN,3.179373,0
LLRLLGLVER--,3.037419,0
GLIEARAMQQCC,2.704976,0
DSDSDSDSDSDS,2.5,0
QERRDDILWD--,2.296864,0
DTDTDTDTDTDT,2.2,0
ETETETETETET,1.7,0
QTEHYENSARNS,1.09,0
