sequence,fitness
MAALLYQHRLARR,3.528221
KPCKWAGRACAK,16.69529
CQLAWRPCAKAS,19.532
QCAGWVQKRQIQ,23.37685
RRCQAQEFWLGA,9.515134
GLIEARAMQQCC,2.704976
QCRAGAMPAMYV,12.05809
NFLRAQRQCQKQ,18.16368
AQCCQHRKGYMN,14.69376
NRVTESVRNVKM,3.683273
NVVVQRRNHHTS,28.05341
VINKVISCPCVN,8.109024
GGRVWEWNVAA,6.08351
NNKCQVVAAFVM,5.401218
VLTWSAVNNNVQ,0
ETNVRVKVVSES,0
NCGVNLVNAVGQ,0
HIAVVNWVNVGH,0
CNNIQGRNNSVW,0
VPNIQVKGSK,4.99326
PVARKVVQICHP,18.63698
VTRMTIQVKGSK,30.16713
MAMADAAAPMNA,6.965346
MKVAAAMAPKQV,38.66109
PVVYKTVIQCCD,4.333159
KVLWRMPAQIIQ,13.51793
VSVVATGCVWET,14.33556
AKCKVQSANVCK,37.82153